,name,copy
0,株式会社ビッグモーター | ★＼業界No.1企業の安定基盤◆平均月収67.6万円！／★,未経験からはじめる【カーライフアドバイザー】*学歴/年齢不問 正社員
1,株式会社アイダ設計 | テレビCMでお馴染みの企業！成長が止まらないハウスメーカー★,将来は各店舗の責任者として活躍！注文住宅の【建築設計】 正社員
2,株式会社ランディックス | 【2019年12月マザーズ上場】★平均年収750万円★年間休日113日,【不動産営業】営業未経験から年収700万円以上可能★夏冬9連休 正社員
3,株式会社テイクス | 【新宿事業所】東証一部アイ・エス・ビーグループ★通勤面相談可,【ITエンジニア】キャリアを活かして活躍しよう！※高卒以上 正社員
4,株式会社ビッグモーター | 業界No.1企業の安定性／面接1回／転勤なし／月8～10日休み,未経験からはじめる【登録事務スタッフ】☆基本定時退社 正社員
5,株式会社ビッグモーター | ★月8日休み★ムダな残業なし★転勤なし★産休育休の実績多数,【店舗スタッフ】★約90％が年収650万円以上！★40歳以下 正社員
6,アクサス株式会社 | 【テレワーク案件も稼動中】★月残業20h未満★年間休日125日以上,【インフラエンジニア】確かなキャリアでわくわくする未来を。 正社員
7,株式会社テイクス | 【本社】上流工程のプロジェクトも多数！上場企業グループ会社,【ITエンジニア】技術を活かした転職を実現※学歴不問※転勤なし 正社員
8,"株式会社グランレブリー | 【知名度抜群！テレビCM放映中】年収1,200万円も目指せます！",UIターン歓迎！寮完備！※単身用／ファミリー用【建築施工管理】 正社員
9,日研トータルソーシング株式会社 | ブリヂストンなど業界大手に引き抜かれた先輩は年間40名以上！,ロボットの【メンテナンススタッフ】未経験でもゼロから学べる！ 正社員
10,UTエイム株式会社 | 大阪府緊急雇用対策に賛同【東証一部上場グループ】★WEB面接OK,【資材管理スタッフ】★高収入可能×社宅完備のエリア多数 正社員
11,株式会社ビッグモーター | 業界No.1の実績＆安定性／面接1回／月8～10日休み／転勤なし,【事務】☆月給23万9800円～☆残業なし☆基本土日休み☆未経験OK 正社員
12,株式会社そら | 【注目の「Dr.ストレッチ」を展開】10/24転職フェア＠千葉出展！,未経験歓迎！【ストレッチトレーナー】◆年休112日・全国募集 正社員
13,株式会社貴順 | ★未経験歓迎★初期費用0円★週払い・日払い制度有★男女活躍中,【軽ドライバー】★必要なものは普通免許のみ★東日本エリア限定 業務委託
14,日本eリモデル株式会社 | ☆未経験入社80%以上☆勤続1年以上勤務者の平均月収59万3000円☆,景気に左右されず好調！【企画営業】就職祝金15万円★転勤なし★ 正社員
15,UTエイム株式会社 | 大阪府緊急雇用対策に賛同【東証一部上場グループ】,【製造スタッフ】高収入を目指せます！★月収最大42万円も可能 正社員
16,UTコンストラクション株式会社 | 大阪府緊急雇用対策に賛同・東証一部上場グループ,【点検・保守】日勤案件がほとんど/基本土日休み/平均月収29万円 正社員
17,株式会社ビッグモーター | 業界No.1の安定性／全国募集／転勤なし／面接1回／基本土日休み,未経験歓迎★月給27万8600円～★【配送ドライバー(納車など)】 正社員
18,株式会社テイクス | 【池袋事業所】19年連続増収増益！上場企業グループ会社,【ITエンジニア】スキルを活かそう※学歴不問※希望のみ転勤あり 正社員
19,株式会社ビッグモーター | 業界No.1企業の安定性／最新設備&クリーンな環境／月8日以上休み,未経験歓迎☆月収50万円以上も可能！【自動車整備士】*年齢不問 正社員
20,T.U.C.GROUP 合同募集 | グループ14拠点を展開！ベンツ/BMW/Audi/VWなどを扱っています,【輸入車の営業】◆過去に賞与10ヶ月分の支給例あり・未経験歓迎 正社員
21,株式会社ビッグモーター | ◆最高年収2282万円の先輩も活躍中◆業界No.1企業の安定性◆,＼ 平均年収861万円！ ／【完全反響営業】*未経験歓迎 *高卒以上 正社員
22,株式会社みらい住宅開発紀行 | 9割以上の社員が未経験スタート！◆各種祝金あり◆研修制度あり,不景気にも強い！【リフォームアドバイザー】平均月収50万円 正社員
23,株式会社アイダ設計 | テレビCMでお馴染みの企業！成長が止まらないハウスメーカー！,100％反響型の【戸建住宅のアドバイザー】★女性も活躍中♪ 正社員
24,株式会社ゴールドファステート | 【テレビCM放映中！】※大阪府緊急雇用対策に賛同,大阪でのニーズが拡大中！【営業】※未経験募集／固定月給30万円 正社員
25,DSP株式会社 | 入社半年で月収100万円以上の社員多数！★年間休日125日～130日,アニメやスポーツ番組の【反響営業】完全週休2日★学歴不問！ 正社員
26,東京・日本交通株式会社 | 【大阪本社】売上業界No.1グループ【大阪府緊急雇用対策に賛同】,肩の力を抜いて、ゆるりと自由に稼ぐ【タクシードライバー】 正社員
27,株式会社PGSホーム | 11月に川崎支店・12月には久留米支店！さらに続々と出店を予定！,"【営業総合職】※最短距離で高収入へ！年収1,500万円も可能！ 正社員"
28,メットライフ生命保険株式会社 | ★完全週休2日制★賞与年4回(個人業績による),未経験多数活躍中！WEB面談可！【コンサルティング営業】 正社員
29,テレック株式会社 | 従業員満足度向上のための福利厚生多数★ 産・育休制度充実,＊関西・東海限定募集【受付】週休3日制♪産育休制度あり 正社員
30,ソリットコンサルティング株式会社 | 【収益用不動産を扱う成長中ベンチャー企業】★20～30代活躍中！,【不動産営業】★未経験入社100％／月収100万円以上も可★ 正社員
31,株式会社ヨドバシカメラ | 業界異例の正社員比率96.4% ★福利厚生も大手ならでは！,ヨドバシを縁の下で支える【物流総合職】★充実の研修をご用意 正社員
32,ソフトバンク営業職合同募集 | 【条件満たす方全員、電話面談確約】★大阪府緊急雇用対策に賛同,ソフトバンク商材の【法人営業】未経験OK★高卒以上 正社員
33,株式会社レインオンファニー | ★WEB面接1回のみ！★年休120日以上 ★直請約70％,【ITエンジニア】働き方も多様化推進中！前給＋年70万円の高待遇 正社員
34,株式会社PGSホーム | 業績絶好調で11月に川崎支店・12月には久留米支店が新規出店！,残業＆休日出勤なしで稼げる！【アポインター営業】リサーチャー 正社員
35,ソフトバンク営業職合同募集 | 【条件満たす方全員、電話面談確約】★大阪府緊急雇用対策に賛同,ソフトバンク商材の【法人営業】未経験OK★学歴不問 正社員
36,株式会社ケイディアイ | 【東証一部上場のナックグループ】完休2日制・働きやすさ抜群,不動産用地・リノベマンションの【仕入企画営業】★年休120日超 正社員
37,株式会社松江電気商会 | 坂井市・福井市を中心に30年以上も電気のある生活に貢献！,電気に強い技術者としてどんどん稼ごう！【電気工事スタッフ】 正社員
38,東建コーポレーション株式会社 | 土地活用でおなじみの東建です。完全週休2日制で年間休日123日！,年齢／転職回数不問！1年目で年収650万円も◎【営業】※全国募集 正社員
39,株式会社エー・エス・エル | 《東証一部上場企業グループ》コロナ禍でも過去最高益レベル！,【ITエンジニア(開発/インフラ) 】★年休123日＆残業月10h程度★ 正社員
40,株式会社NEXT STORIES | 大阪府緊急雇用対策に賛同◆WEB面接OK◆未経験から月収124万円可,【アフターフォロー営業】★未経験＆完全週休2日で月給30万円～ 正社員
41,株式会社トーウン | 【大阪府緊急雇用対策に賛同】定着率95％！希望の案件が選べる☆,★面接確約★【施工管理スタッフ】未経験でも月収30万可能 正社員
42,株式会社クロード | ★上場企業のグループ会社 ★サービス残業一切なし ★有給推奨,【店舗受付スタッフ】★完全週休2日制/月給24万円～/未経験歓迎 正社員
43,関西不動産販売株式会社 | 【16期連続増収増益】★年間ボーナス”1000万円”の支給実績あり,インセンティブで稼げる【不動産営業】★業界未経験でも25万円～ 正社員
44,大東建託株式会社 | ★大人気「営業職」の東海エリアで大募集！★,「平均年収1021万円」「男女OK」「未経験OK」の【不動産営業】 正社員
45,ECO信頼サービス株式会社 | 人生を充実させたい、稼ぎたいという情熱のある方を募集中！,【営業・販売】入社2年で年収4000万可能！◆沖縄限定／転勤なし 正社員
46,"株式会社ファミリー工房 | ★安心:""懇親会""で理解を深めた上、入社できる！",【総合職(リフォーム営業/不動産営業/施工管理/建築士)】 正社員
47,ECO信頼サービス株式会社 | 人生を充実させたい、稼ぎたいという情熱のある方を募集中！,【営業・販売】入社2年で年収4000万可能！◆熊本限定／転勤なし 正社員
48,積水ハウス不動産関西株式会社 | 【大阪府緊急雇用対策に賛同】※積水ハウスグループ,【不動産コンサルティング営業】月給30万円以上／年間休日129日 正社員
49,株式会社ライジングサンセキュリティーサービス | 【★面接保証！20～60代活躍中】★月給最大40万円も可能！,＼ひたちなか・水戸積極採用／【警備・受付】★未経験者歓迎★ 正社員
50,i-CREW株式会社 | 【入社2年目以降に年収800万超も可能】即日内定もOK！,大手空調メーカーの【メンテナンススタッフ】残業ほぼなし 正社員
51,ECO信頼サービス株式会社 | 人生を充実させたい、稼ぎたいという情熱のある方を募集中！,【営業・販売】入社2年で年収4000万可能！◆全国募集 正社員
52,株式会社ミュゼプラチナム | ★転勤なし★賞与年4回★ノルマなし★コスメ社割★WEB面接,【受付カウンセラー】原則定時退社★全国採用★29歳までの方限定 正社員
53,株式会社ブライトノア | 【ゲーム/AR/VRなどエンタメ案件も】★年休125日★残業20h以下,"今より""もっと""を叶えられる【ITエンジニア】★土日祝休み 正社員"
54,株式会社ライジングサンセキュリティーサービス | 【★未経験歓迎★入社祝金3万円あり】★面接1回,★埼玉募集★大型商業施設の【警備・交通誘導】※応募者全員面接 正社員
55,株式会社ライジングサンセキュリティーサービス | 人物重視★応募者全員と面接します！／20～60代活躍中★,福島限定【警備】人の力で東北エリアを盛り上げよう！*月給28万~ 正社員
56,DSP株式会社 | ★土日休み ★完全週休2日 ★年間休日125日～130日,◆経験者は前給UPを保証！【人材コーディネーター】※高卒以上 正社員
57,株式会社山王 | 無理なくステップアップできる ＆ 20代30代が活躍中の成長企業,販売ではなく商品説明を行う【営業スタッフ】※ノルマもなし！ 正社員
58,UTエイム株式会社 | 大阪府緊急雇用対策に賛同【東証一部上場グループ】,工場内でモクモク働く【機械操作スタッフ】★月収30万円以上可能 正社員
59,UTエイム株式会社 | 大阪府緊急雇用対策に賛同【東証1部上場グループの安定基盤】,自宅から通勤したい！そんな希望も叶う♪【倉庫内作業スタッフ】 正社員
60,大同生命保険株式会社 | ★業界経験一切不問 ★有給取得実績多数 ★転勤なし ★土日休み,基本17時退社★平均月給43.4万円【法人営業】※社会人経験者限定 正社員
61,DSP株式会社 | 初年度年収450万円以上可/年休125日~130日/産休育休制度(実績有),【総合職(営業/広報/人事/総務など)】やりたいことが見つかる♪ 正社員
62,株式会社アースインフィニティ | 【大阪府緊急雇用対策に賛同】エネルギー事業を展開する成長企業,＜10/16 JASDAQ上場決定！＞新電力会社の【法人営業】※未経験OK 正社員
63,株式会社ビッグモーター | 月給23万9800円～/月8～10日休/土日休OK/賞与年2回/残業ほぼなし,【サービスフロント(受付事務)】★未経験OK★高卒以上★全国募集 正社員
64,"株式会社ビッグモーター | No.1企業の安定性☆月給23万9,800円~☆残業ほぼなし☆土日休み可",未経験からはじめる【フロントスタッフ(受付・事務)】*学歴不問 正社員
65,株式会社ホリコシ産業 | 業績好調の安定企業｜お客様に愛される仕事｜転勤なしで安心,＜専門知識不要＞地域密着企業で“稼げる営業”になれる【営業】 正社員
66,クオリア・コンサルティング株式会社 | ★有休消化率100％ ★賞与年4回 ★未経験から平均月収60万円★,事業者向けに経費削減サービスの【提案営業】※営業経験不問！ 正社員
67,JAGフィールド株式会社 | 東証一部上場G・キャリアチェンジで生涯現役！オンライン面接可,【施工管理】従業員満足度業界No.1企業で活躍する！ 正社員
68,株式会社ヒカリッチアソシエイツ | 有休消化率100％★店長へ最短6ヶ月の実績★面接は1回★転勤なし,【総合職（店長候補）】メディアで話題★未経験でも月給30万～！ 正社員
69,インターギアソリューション株式会社 | 【業界トップクラスの売上規模/メンバー数】★応募の秘密は厳守,【求人広告アポインター営業】未経験から最低32万円以上も可 業務委託
70,株式会社エージェントゲート | ★有給取得率100％★産休育休取得＆復帰率100％★定着率90％超★,【ITサポートスタッフ】年休130日以上＆残業なし☆全員面談☆ 正社員
71,"株式会社ホットスタッフ博多 | ＼ 高収入も目指せる ／ 年収2,000万円を勝ち取った社員も！",企業と求職者を結ぶ！【 営業職 】*入社3ヵ月は月給30万円を保証 正社員
72,日本交通株式会社 | 【銀座営業所】の募集◆9年連続業界売上NO.1の安定性◆賞与年2回,【ハイヤードライバー】◇初年度の平均年収450万円◇WEB面接OK 正社員
73,株式会社リンクスタッフグループ | ★前年比150%超の成長率★早期昇格…入社3ヵ月で支店長の実績！,【人材系営業】圧倒的行動力＆新たな常識の創造～視野360°～ 正社員
74,旭電業株式会社 | ＜賞与年4回＞景気に左右されない／一生モノのスキルが身につく,【電気設備の施工管理】未経験歓迎／土日祝休み／社宅あり 正社員
75,株式会社SORI | 【地域の道路インフラを支える企業】※年収1000万円も目指せます,広島勤務【総合職(施工管理／重機オペ／ドライバー)】年齢不問◎ 正社員
76,朝日ソーラー株式会社 | ★月給32万円以上（試用期間中）★魅力的なインセン,【営業職】10月1日より完全週休2日制を導入しました！ 正社員
77,株式会社アーキ・ジャパン | 平均月収53万円(施工管理・技術職)【大阪府緊急雇用対策に賛同】,《希望の勤務地》《高収入》《望む働き方》を実現！【施工管理】 正社員
78,株式会社美意識グループ合同募集 | ★原則定時退社★1年目で年収500万円以上も可★独立支援制度あり,「KAIZENBODYサロン」の【エステティシャン】★経験・年齢不問！ 正社員
79,アドバンストテクノロジー株式会社 | 安定性＆ブランド力が抜群！NTT東日本・西日本のパートナー企業,転勤なし！年休128日＆昇給年4回【法人営業】★30代中心に活躍中 正社員
80,大東建託株式会社 | 【東証一部・名証一部上場】◎フレックス制◎平均年収1021万円,【提案営業】土地オーナー様に寄り添いながら土地活用をご提案！ 正社員
81,株式会社早稲田学習研究会 | Ｗ早稲田ゼミ★Web面接導入／スマホもOK【賞与実績60～400万円】,【学習塾教師】★月給40万円以上 ★景気に左右されない安定企業 正社員
82,株式会社へいせい | 創業73年！スローライフタウンを創る総合建設会社◆Web面接実施,自分らしくゆったり働ける【住宅コンシェルジュ】★賞与5.5ヶ月 正社員
83,株式会社ネオート | 平均年齢26歳/年間休日110日/月平均8.8万円のインセンティブあり,「気づいたら稼げていた！」という社員が続出！【買取スタッフ】 正社員
84,フォーシーズンズ株式会社 | 大阪府緊急雇用対策に賛同／ベンツの正規ディーラーも運営開始！,【セールススタッフ】Audi・Jeepなどの正規ディーラーで活躍！ 正社員
85,フューチャーコミット合同会社 | 【入社祝い金15万円】★年休120日以上★独立支援★20代が活躍中,ほぼフリーランス!?【ITエンジニア】★高い自由度★土日祝休み 正社員
86,株式会社九州エネコ | 《年収例／3年目 880万円／3年目 738万円／6年目 1421万円》,熊本本社・久留米営業所同時募集中！【営業アシスタント】 正社員
87,株式会社アミ―クス | 『トータルリペア』オーナー募集,リペア職人として1人で独立！トータルリペアの【FCオーナー】 FCオーナー
88,株式会社 One's Will | 《web面接》★都内・関西で10名以上積極採用 ★多彩なキャリア,【建設事務】★未経験でも月給26万円以上★デスクワーク中心♪ 正社員
89,株式会社東黎トラスト | 【大阪府緊急雇用対策に賛同】今後ニーズの伸びる事業を展開！,未経験から不動産業界へ！【提案営業】★月給27万円+インセン 正社員
90,ケイアイスター不動産株式会社 | ※月収70万円など高収入も実現可能 ※男女共に育休取得実績多数,東証一部上場企業で腰を据えて活躍！【不動産営業】※未経験歓迎 正社員
91,小金井不動産株式会社 | 【LIXIL不動産ショップ】※熊谷店でも同時募集中,不動産の【売買営業】★未経験歓迎/定着率83％/埼玉限定採用 正社員
92,"サングローブ株式会社 | ★創業6期目で10,000社と直取引★年休130日/土日祝休み/残業ゼロ",足痛くない?オフィス&スニーカーで年収1000万も可！【内勤営業】 正社員
93,中井エナジーテック株式会社 | #大阪ガス&東京ガス両方のライセンスを保持 #中井グループ,あなたに合った働き方が叶う！【メンテナンス】※未経験歓迎！ 正社員
94,日本交通埼玉株式会社 | 年収650万円以上も叶う！業界トップクラス企業《賞与年3回》,1年目の平均月収42万!!未経験デビューOK★【タクシーの乗務員】 正社員
95,株式会社テクトン | 「未経験で心配・・・」そんなあなたを応援する会社,Excel、Word、PowerPointをイチから学ぶ！男女不問！【事務職】 正社員
96,日研トータルソーシング株式会社 | ●残業ほぼなし！ ●賞与年2回支給！ ●学歴・経験一切不問！,―待遇も休日もUP↑できる!?【製造サポートスタッフ】未経験歓迎 正社員
97,株式会社砂建 | 〔 実質年休120日／転勤なし／残業月平均10ｈ 〕,【 総合職(組立スタッフ/配送 等) 】残業月10ｈ★月給24万円～！ 正社員
98,株式会社ワールドコーポレーション | 大阪府緊急雇用対策に賛同,夜勤ナシ！【点検・保守】転職回数不問※全国募集※未経験歓迎 正社員
99,株式会社ワールドコーポレーション | 大阪府緊急雇用対策に賛同,【管理業務スタッフ】※北海道・東北・九州限定※未経験採用 正社員
100,"株式会社リヴトラスト | 年収1,000万も可能！グループ売上178億円不動産総合デベロッパー",【コンサルタント営業】男女問わず活躍！お客様に寄り添う営業！ 正社員
101,株式会社ワールドコーポレーション | 大阪府緊急雇用対策に賛同,同期入社多数！【資材管理】★研修充実！※全国募集※未経験歓迎 正社員
102,日研トータルソーシング株式会社 | ◆家具・家電付の社員寮◆年休最大160日◆残業ほぼなし,＼未経験でも活躍できる／【軽作業スタッフ】★正社員×賞与2回 正社員
103,UTエイム株式会社 | 大阪府緊急雇用対策に賛同,【軽作業スタッフ(梱包・検品等)】未経験OK・高収入も可能！ 正社員
104,小金井不動産株式会社 | 【LIXIL不動産ショップ】不況の波に負けない安定経営を実現！,【賃貸営業】★未経験入社83%★定着率83％★宅建取得率87％ 正社員
105,東京エムケイ株式会社 | 《未経験でも月給30万円以上スタート＆1ヶ月の新人研修あり》,＼未経験歓迎！面接1回／【高級ハイヤードライバー】※学歴不問 正社員
106,東京エムケイ株式会社 | 【平均年収817万円】有給取得率80％超◆男性の育休/時短勤務実績,年収1000万円も可能！【高級車ハイヤーのドライバー】※高卒以上 正社員
107,小金井不動産株式会社 | 【LIXIL不動産ショップ】不況の波に負けない安定経営を実現！,不動産の【売買営業】★平均年収700万/定着率83％/栃木限定募集 正社員
108,西田電工株式会社 | 【大阪府緊急雇用対策に賛同】関西で活躍する電工業界の成長企業,完全週休2日も選べる【電気工事士】※最大月給45万円も可能 正社員
109,株式会社スズキ自販東海 | スズキ(株)100％出資 直営ディーラー/昇給率2.96％~/賞与5.5ヶ月,”販売支援”を行う【法人営業】残業月平均15H 正社員
110,新日本住設EAST株式会社 | ☆年間休日120日以上☆賞与3回☆29歳までの方全員とお会いします,★将来のリーダー候補【営業職】未経験から年収1000万も可能！ 正社員
111,株式会社優誠 | 【大阪府緊急雇用対策に賛同】20代で月収100万円超の先輩も在籍,年収1000万円超も可能！未経験歓迎の【営業スタッフ】週休2日 正社員
112,大東建託株式会社 | 【東証一部・名証一部上場】◎平均年収1021万円 ◎賞与年2回,【提案営業】★業界TOPクラスのインセンティブ・待遇・評価制度 正社員
113,株式会社AZism | 【横浜家系ラーメン 大和家／田田】業績好調★転居伴う転勤無し,【店舗スタッフ】月給26万円以上◆入社支度金あり◆特別賞与も！ 正社員
114,三起建設株式会社 | 大阪府緊急雇用対策に賛同／年収700万円超を目指せる／転勤なし,【技術系総合職(土木技術・施工管理)】未経験OK／賞与年4～5ヶ月 正社員
115,株式会社グロリアース | 未経験大歓迎！20代から50代までの幅広い年齢層が活躍中です★,景気に左右されない製品を扱う【営業】未経験歓迎(月給23万円～) 正社員
116,株式会社ヤマダホールディングス | ヤマダライフ保険：月収150万円も目指せる/案件は会社が無償提供,業界屈指の高収入を実現【ファイナンシャルプランナー】全国募集 契約社員
117,株式会社シェア | 【大阪府緊急雇用対策に賛同】★最高月間インセンティブ105万円,＼35歳までの育成枠採用／【WEB提案営業】土日祝休・昇給年4回 正社員
118,株式会社トップ | ＜33歳＊月給例＞月給29万1000円＋インセン＋賞与＋通勤手当,年休125日!平均年収800万円【 提案営業 】全国募集*未経験歓迎 正社員
119,ECO信頼サービス株式会社 | 人生を充実させたい、稼ぎたいという情熱のある方を募集中！,【営業・販売】年収4000万も突破可能　◆千葉限定募集／転勤なし 正社員
120,ECO信頼サービス株式会社 | 人生を充実させたい、稼ぎたいという情熱のある方を募集中！,【営業・販売】年収4000万も突破可能　◆大阪限定募集／転勤なし 正社員
121,株式会社ガリレオコーポレーション | 『TVCMでお馴染み』の地場密着企業！昇給チャンスは年3回！！,平均月収80万円！【営業】※未経験者歓迎　※転職回数不問 正社員
122,株式会社アクアライン | 完全反響型/テレアポ・飛び込みなし/入社1年目で月収50万以上も,未経験入社9割【水回りメンテナンス・反響営業】学歴・年齢不問 正社員
123,居藏管工株式会社 | いぐらかんこう｜大阪ガス案件×入社祝い金支給×完全週休2日制,完全週休2日制や月給29万円～もOK！【メンテナンススタッフ】 正社員
124,メットライフ生命保険株式会社 | 【大阪府緊急雇用対策に賛同】◆賞与年4回／完全週休2日制(土日),未経験歓迎！【コンサルティング営業】環境&収入ともに抜群◎ 正社員
125,株式会社赤ちゃん本舗 | 【セブン＆アイ・ホールディングス】グループ／月給25万円～,経験を活かせる！【総合職】◎月9～10日休み／手厚い待遇あり 正社員
126,住友林業ホームサービス株式会社 | 【東証一部上場グループ】◆オリコン顧客満足度ランキング第1位,【不動産営業】★100％反響★年収1000万超も可能★年間休日116日 正社員
127,株式会社ヤマダホールディングス | ヤマダライフ保険：取扱保険会社21社／案件は会社が全て無償提供,商談に専念がキーワード【ファイナンシャルプランナー】関東募集 契約社員
128,株式会社ドリームホーム | 京都屈指の業績・2019年度グループ売上高170億円！,完全反響対応の【不動産営業職】★ノルマ一切なし 正社員
129,Rセキュリティ株式会社 | 20年連続増収増益◆2020年2~5月は売上前年比125％◆完全週休二日,"""水""というライフラインを支える【水道技師】★平均月収45万円超 正社員"
130,ＳＯＭＰＯひまわり生命保険株式会社 | ★完全週休2日(土日祝)＋安心の固定給 ★1月入社大歓迎,【ライフカウンセラー】★月給30万円 ★業界未経験OK ★45歳以下 正社員
131,株式会社リライズ | ◆2018年4月設立 ◆成長中の注目企業 ◆未経験歓迎 ◆,★未経験で月給30万円～★【不動産営業】年収3000万円超えも続出 正社員
132,株式会社YLD | 吉祥寺に新本社オフィスOPEN！★土日祝休み★本物の目利き求む！,【リユース事業の責任者】★実力を正当に評価！！★土日祝休 正社員
133,エーアイアールグループ合同募集 | 中途採用者活躍中★平均月収60万円★残業少なめ★週休2日制,月給40万円可★11月入社OK【ルームアドバイザー】月収例:86.5万 正社員
134,株式会社HiiizL | コロナ禍でも過去最高益更新/20～30代活躍中！/急成長ベンチャー,未経験入社1年目から年収600万円超が可能！【イベントPR・営業】 正社員
135,株式会社エージェントゲート | 大手案件で社会を支える安定性◇有給取得率100％◆定期昇給あり,【インフラエンジニア】★5G・クラウド案件あり★年間休日130日 正社員
136,JCSロジスコ株式会社 | ◆電話・Web面接も可能／翌日振込・前払いもOK／日払い可！◆,【宅配ドライバー】平均日当3万円/すぐ就業可 ※正社員登用あり 業務委託
137,ＳＯＭＰＯひまわり生命保険株式会社 | ★完全週休2日(土日祝)＋安心の固定給 ★1月入社大歓迎,【ライフカウンセラー】★月給30万円 ★業界未経験OK ★年齢不問 正社員
138,株式会社E-reason | ★IDDグループ★残業ほぼなし★完全週休2日制★ドコモと業務提携,ドコモから依頼されたサービスの【営業職】毎年2万円昇給♪ 正社員
139,株式会社テクトン | WEB面接可／年間休日125日／土日祝休み／残業少なめ,現実を見ながらキャリア・スキルアップを応援！【ITエンジニア】 正社員
140,株式会社ジー・エス・ティー | 月8～11日休み,コロナウィルス対策中！正規ディーラーで【営業】の仕事 正社員
141,株式会社エージェントゲート | Web面談実施中★年間休日130日★Python／Java／Rubyなど案件多数,【プログラマ】*ずっとPGを続けて収入UP*全員面談*残業基本ゼロ 正社員
142,株式会社NEXT ONE | 未経験入社98％/初年度年収680万円以上も可能/UIJターンも歓迎！,【総合職(企画営業)】経験不問★中卒・高卒も歓迎★男性活躍中！ 正社員
143,株式会社リノベーション | 《 ZEH化を下支えする企業 》未経験OK／年収1000万円も可,【 営業 】未経験でも月給30万円～／社員寮あり(月3万円) 正社員
144,"株式会社DIPS | ""なりたい自分”の実現を全力でサポートします★20代社員活躍中",【提案営業】★月給28万円★土日休み★WEB面接も可能★社宅完備 正社員
145,"洛陽交運株式会社 | ヤサカグループ／月額17,000円～即入寮できる社宅あり！",京都での新スタートを応援【タクシードライバー】年休120日以上 正社員
146,株式会社ジーアフター | ◆最高売上更新！注目の成長企業 ◆未経験スタートが8割以上！,完全反響型！中古車の【営業】◆未経験でも月給30万円スタート！ 正社員
147,株式会社アーバンライク | 【九州NO.1のハウスビルダーを目指す成長企業】多彩な特別休暇◎,未経験率80％！注文住宅の【総合職（営業／施工管理／設計）】 正社員
148,株式会社NEXT ONE | 設立以来増収増益/全国に支社・拠点展開中/転勤なし,年収2倍も可能【提案営業】◆社会人経験者募集◆営業未経験歓迎 正社員
149,株式会社MEルミナス | 今、稼ぎたい人にピッタリ! ワクワクする物や人との出会い★,稼げる×楽しく働ける！【買取STAFF】◆未経験、大歓迎！ 正社員
150,株式会社杉並モータース | 【業界屈指の好待遇】★平均月収45万円 ★有休取得率ほぼ100％,【ロードサービス】＼当社に入社して年収200万円UPの社員も！／ 正社員
151,大基興業有限会社 | 入社祝い金あり／完全週休2日・完全週休3日も選べます,月給33万円スタートもOK【メンテナンススタッフ】※ほぼ残業なし 正社員
152,株式会社エヌ事業hoop | あなたの成長を応援します！ ★年休120日以上 ★基本定時退社,建築施工の【法人営業】★月収80万円可 ★土日祝休み ★未経験OK 正社員
153,株式会社フジナガ | 当社が業界トップクラスの実績を出すまでになった道のりをご紹介,物売りではなく課題解決を提案【法人営業】完全週休2日(土日祝) 正社員
154,日産プリンス西東京販売株式会社 | 【世界の日産グループ】賞与実績4.1ヶ月★残業月平均16.2時間,多摩エリアに根ざして、自ら仕掛ける自動車販売を！【営業】 正社員
155,エムケイホールディングス株式会社 | 【大阪府緊急雇用対策に賛同】70歳まで同じ給与体系,確かな企業力で安定性抜群！【観光コンシェルジュ(ドライバー)】 正社員
156,GMO TECH株式会社 | ★東証マザーズ上場 ★面接から入社まで全てオンラインで実施！,【広告営業】未経験からWebマーケティングのスキルを習得！ 正社員
157,株式会社ロジエンス | TOYOTAグループのパートナー／●有給取得率 7割以上 ●年休121日,【サポートエンジニア】★賞与平均5.2ヵ月 & 月収例24.3万円以上 正社員
158,UTエイム株式会社 | 大阪府緊急雇用対策に賛同【東証一部上場グループ】★WEB面接OK,【総合職(製造・組立・検品等)】★関東エリア限定募集 正社員
159,株式会社京進 | 東証二部上場,"【塾教室長】将来は独立を目指し、教室長として""経営""を学べる！ 契約社員"
160,UTコミュニティ株式会社 | 大阪府緊急雇用対策に賛同【東証一部上場グループ】★WEB面接OK,カンタン作業が中心！【軽作業スタッフ】★月収34万円以上も可能 正社員
161,中西商会株式会社 | ★好きな時に働き、休みたい時に休める★1日平均3万円稼ぐ人も！,車に関する知識が少しあるだけでOK【取付スタッフ】完全直行直帰 業務委託
162,株式会社昇建 | 【大阪府緊急雇用対策に賛同】官公庁案件中心★資格取得支援あり,高収入を目指せる！【総合職（施工管理・作業スタッフ）】 正社員
163,株式会社富士ホーム | 地元不動産のエキスパート！ノルマなしで賞与50万円～300万円,【不動産売買営業】★経験・資格不問★土日祝休★残業月25H以下 正社員
164,株式会社AREAONE | 【千葉に根差した総合建築会社】経験者も未経験者も大歓迎！,＼現場へは直行直帰／ゼロから育てる前提の採用【技術系総合職】 正社員
165,株式会社京進 | 東証二部上場,【塾経営者】転職して社員になるより、独立して「社長」になる！ FCオーナー
166,株式会社アローペイント | ■20代～30代が活躍中■賞与年2回【大阪府緊急雇用対策に賛同】,変化の波を乗りこなす！日々進化を繰り返す【営業】年収1000万可 正社員
167,ナカソネ住設株式会社　 | TOTOアフターサービス正規代理店★充実の手当・インセンティブ★,【住設の施工スタッフ】★豊富な休暇制度・残業月20h程度 正社員
168,ナカソネ住設株式会社 | ★TOTOアフターサービス正規代理店★充実の手当・インセンティブ,【TOTO製品メンテナンススタッフ】未経験歓迎/豊富な休暇制度 正社員
169,社会福祉法人ひまわり会 | 賞与年4.8ヶ月＆業界屈指の高収入を実現！日祝固定休み！,【保育スタッフ】★産育休の取得＆復帰実績も多数！残業ほぼなし 正社員
170,株式会社トラストワン | 面接一回のみ／平均年収700万円以上／週休2日で働きやすさ◎,【住まいアドバイザー】※月給27万～＋賞与年3回！ ※転勤なし 正社員
171,株式会社タシロ | 【創業70年】ここ4年間増収増益！コロナの影響もほぼなし！,営業ビギナーに最適の【提案営業】★社宅あり/UIターン歓迎！ 正社員
172,株式会社ハンデックス | 新拠点続々立ち上げ中！全国展開の人材総合サービス企業！,【営業所長】企業に属しながら“個人事業主”視点で組織運営！ 正社員
173,T.T.C株式会社 | 大手建設会社と安定取引＊遠方からの応募大歓迎！『社員寮完備』,スキルを身につけて、しっかり稼げる【技術系総合職】 正社員
174,株式会社ガーヴェラ | 年齢制限なし！”売買仲介の経験”をお持ちの方【限定】,【不動産コンサル】フレックス制／完全反響／選べる給与スタイル 正社員
175,株式会社APC | ★残業1日1時間以下★週休2日制★20～30代が活躍中,直行直帰型【買取営業】■未経験で月収70万以上可■残業ほぼナシ 正社員
176,日本テンポラリーハウス株式会社 | 社員の全員が未経験スタートなので安心！土日面接OK！,未経験OK【住まいのコーディネーター】年休125日★20代活躍中！ 正社員
177,ケイアイスター不動産株式会社 | 【東証一部上場】※完休2日・残業月20h程度などオフも充実！,業界のリーディングカンパニーで活躍【提案営業】※地域限定募集 正社員
178,JTA株式会社 | 【転職支援給付金5万円を試用期間後に支給】◆土日休み◆面接1回,社会貢献に繋がる！通信インフラの【営業】◆社員平均月収50万超 正社員
179,株式会社博全社 | 千葉県に根差し創業100年以上の歴史を持つ老舗企業,お客様の心に寄り添う【営業】◆未経験歓迎／月平均月収35万円◆ 正社員
180,株式会社カワデン | ★面接1回(条件の合う方全員面接)★土日祝休み&年間休日120日,実務未経験OK！【電気工事スタッフ】★残業ほぼナシ★定着率抜群 正社員
181,株式会社クレス不動産 | 反響営業だから、未経験でもムリなく稼げる＊　ノルマもなし！,《20～30代中心に活躍中！完休2日》新築住宅の【不動産営業】 正社員
182,株式会社絆 | ★エコな事業で成長中の企業 ★営業まったくの未経験でもOK！,入社1年目でも月収50万可能！余裕が生まれる【買取営業】 正社員
183,株式会社えびす不動産 | 【センチュリー21「優秀店舗事務表彰」受賞】オシャレな自社ビル,あったかい不動産会社で稼げる営業に！【提案営業】月給26万円～ 正社員
184,株式会社ウンノハウス | 慣れ親しんだ場所で働きたいetc...UIターン歓迎!引越代サポート,業績賞与年4回！ワークライフバランスを実現☆【反響営業】 正社員
185,トランスコスモス株式会社 | 【東証一部上場】◎WEB面接可 ◎年休121日 ◎福利厚生充実,成長中の拠点で新たなキャリアをスタート！【運営管理】未経験OK 正社員
186,株式会社メディア工房 | 東証マザーズ上場★Web占いコンテンツで業界トップクラスの実績,【女性向けコンテンツ企画スタッフ】未経験から月給28万スタート 正社員
187,株式会社WAOH | 「With All Our Heart」WAOHであなたらしい働き方を実現◎,【内装ディレクター】経験者優遇／土日祝休み／月給30万円～ 正社員
188,医療法人社団佑健会 | 【全国に17医院を展開する急成長の医療法人】◇土日祝休み,3年後100医院を目指す！歯科グループの【秘書】★経営幹部候補 正社員
189,栃木アンカー工業株式会社 | 急成長を続ける建設会社！福利厚生の充実度はエリアトップクラス,【管理部(総務・経理・人事)】管理職候補★年収500万円以上可能 正社員
190,光和電設株式会社 | 100%直請け★アパホテルやドン・キホーテ、コメリなどの実績多数,"技術よりも""温かい心""を持った方を採用します！【 電気工事士 】 正社員"
191,株式会社エラン | まずは面談に気軽にお越しください！＜Web面談実施中！＞,未経験から挑戦できる【営業職】★充実した研修制度を用意！ 紹介予定派遣
192,SOMPOケア株式会社 | 【SOMPOホールディングスグループ】週休2日制★残業月平均7.4h,＼*全国採用*／30歳以下★未経験・第二新卒歓迎【介護スタッフ】 正社員
193,大長産業株式会社 | 創業30年以上続く安定企業で人生を豊かにー年収1000万円以上も◎,【提案営業】未経験歓迎／月給30万円～／40代が活躍中の会社 正社員
194,株式会社タイセイリサイクル | リサイクル事業を展開＊環境省「エコアクション21」の認証取得,高収入×力仕事なし☆未経験でも始めやすい【工場作業スタッフ】 正社員
195,ブリリアント・フューチャー・パートナーズ株式会社 | イメージを覆す働きやすさ！★土日休・年休120日可・定時退社可,テレアポ・ノルマなし完全反響型【不動産営業】★30代～活躍中！ 正社員
196,株式会社アップタウン | ★人気が高い世田谷・目黒エリアで30年の歴史を誇る・転勤なし★,完全反響型の【不動産営業】■飛び込み・テレアポなし！ 正社員
197,株式会社日本住宅販売 | 【住まい全般のメンテナンスに対応】★人物重視の採用★増員募集,既存のお客様への【フォロー営業】※未経験OK※残業なし/週休2日 正社員
198,株式会社BLENDY | 『不動産』に関わる業務をトータルに手掛ける成長企業,未経験OK！【不動産アドバイザー】★年収1000万円可/土日休み 正社員
199,株式会社モザイクワーク | 営業スキルを活かして早期昇進を目指そう★地方を熱くする仕事★,人材総合サービスのスタートアップベンチャー【営業】経験者歓迎 正社員
200,株式会社グロリアース | ★約2ヶ月の業界研修期間あり　★8月に50代の方2名入社しました,【 営業 】平均月収40万／月収100万も目指せます！*経験者採用 正社員
201,朝日土地建物株式会社 | 老舗企業◎移動は車が中心◎完全週休2日制◎長期休暇取得可能,100％反響営業！【提案営業】未経験育成に定評あり！ 正社員
202,株式会社LNJ関東 | ★平均月収30万円★完全週休2日,【総合職(一般事務/運行管理)】★安定企業で高収入を！ 正社員
203,リーガルボード株式会社 | 【設立以来、11年連続売上UP】◆広告代理業を展開する急成長企業,”レア求人”看板広告の【営業】◆残業ほぼなし・直行直帰OK 正社員
204,株式会社テック | 【設立以来、黒字経営】社員寮(2万円)・3LDKの社宅(5万円)完備！,《面接確約》年収500万～600万円も可能！【土木系総合職】 正社員
205,昭和ルーフリモ株式会社 | 【★リモートワーク推進★18～19時には退社 ★社用車通勤】,定着率の高さが自慢【やね工事のルート管理スタッフ】★未経験OK 正社員
206,株式会社タイセイ・ハウジーリバース | 売上高110億円の成長企業★完全週休2日★転勤なし★UIターン歓迎,リノベーションの【設計】賞与年4回/水・日・祝休/前職給与保証 正社員
207,株式会社Ｎｏ.1 | 皆様のNo.1ビジネスパートナーを目指し、業務拡大中！,【提案営業】☆20代の男女が活躍中♪☆20代役職者も多数☆ 正社員
208,株式会社ハビタット | 未経験からスタート歓迎／今までの接客などの経験を活かせます！,【法人営業】完休2日制（平日or土日の選択可）／月給35万円～★ 正社員
209,大志株式会社 | 昨年比200%成長！ネット集客に注力したトータル不動産カンパニー,【売買仲介営業】★年収1000万円目指せる ★完全反響スタイル 正社員
210,株式会社テクトン | WEB面接可／20代・30代活躍中／年間休日125日／土日祝休み,営業経験を活かす！転勤なし！【人材営業＆コーディネーター】 正社員
211,株式会社キャリアサービス | 【年休120日以上】【産休育休実績あり】★20代・30代活躍中！,未経験月給35万保証!実現可能な理由は?【人材コーディネーター】 正社員
212,株式会社アフターホーム | ★春・夏・冬に大型連休あり 【大阪府緊急雇用対策に賛同】,【営業職】未経験スタートを応援◎月給25万円START★ 正社員
213,株式会社Presidents Free Style | 【大阪府緊急雇用対策に賛同】 #入社祝い金あり,話題の光ファイバーを敷設する【通信工事スタッフ】※未経験歓迎 正社員
214,株式会社匠オフィス | ＜名東区で6つの個別指導塾を運営＞★10日程の長期連休×年3回！,＼ 年休120日&残業ほぼナシ♪／【 サポート事務 】 ※未経験OK 正社員
215,株式会社日本アムスコ | 大手の最先端技術開発に《CAE解析》で関わる★年間休日125日,【シミュレーションエンジニア】★未経験歓迎★残業20時間程度 正社員
216,株式会社マイホーム | 「センチュリー２１」でお馴染み！ 収入もスキルアップも充実！,【提案営業】◎未経験歓迎 ◎完全反響営業 ★インセンティブ充実 正社員
217,株式会社清水土木 | ＜面接保証＞未経験でも月給25万円から/残業少なめ/千葉密着,20-30代活躍中！イチから育てます！【作業スタッフ】残業5h以下 正社員
218,株式会社ネオ・ストラクト | 【やる気と上昇志向のある方、歓迎！】*土日祝休み,LED間接照明メーカーの【提案営業】*月給40万円スタート 正社員
219,株式会社Pledge Clover | 可能性がまずますます広がる！自社オウンドメディアもスタート！,【営業(企画／提案)】※平均年齢26歳が活躍中！平均月収35万円！ 正社員
220,株式会社MARUEI | 土日祝休み＊選べる案件＊”働きやすく稼げる環境”を実現！,【施工ディレクター】経験者優遇／月給35万円～／直行直帰OK 正社員
221,株式会社創建 | ＼年収も、環境も、やりがいも！／【大阪府緊急雇用対策に賛同】,100％反響型の【リフォーム営業】業界経験者優遇◎月給35万円～ 正社員
222,株式会社グランド,80％以上が未経験から活躍中！【人材コーディネーター・営業】 正社員
223,株式会社ホンダカーズ三重東 | ★バツグンの安定感★ 年収例:25歳/600万円★平均残業15～20H,★県外への転勤なし！【 営業 】＼ 未経験歓迎 ／ 正社員
224,株式会社ワールド・エステート | 住宅の販売会社／コロナ禍でも直近3ヶ月連続で目標契約本数達成,未経験歓迎【営業スタッフ】ノルマなし/残業月20h程/業績給あり 正社員
225,株式会社総合資格 | 月9日休み／賞与平均6.4ヵ月支給／朝はゆっくり10時出社,月給30万円を保証【 提案営業 】*給与アップを実現できます！ 正社員
226,"株式会社クレス不動産 | 物件を""見つける""仕事です。未経験入社で年収1000万円も可能！",【不動産仕入営業】完全週休2日制＊ムリなく稼げる 正社員
227,株式会社マリモ | 20～30代活躍中/残業月平均13.5h/平均年齢36.2歳/定着率90％,固定給50万円以上も可【不動産営業】経験者優遇／完全週休2日制 正社員
228,広島建設株式会社 | ～千葉に根差して50年の安定基盤があります～★WEB面接実施中★,◎転勤なし◎分譲住宅・注文住宅の【提案営業】※100％反響型 正社員
229,株式会社大阪ボイラー製作所 | 設立95年の安定基盤！年休120日×残業ほぼなしで働きやすさ◎,育成枠採用！老舗専門メーカーで活躍する【資材管理】※土日祝休 正社員
230,株式会社エールホーム | ☆宅建の有資格者は優遇！月給25万円スタートも可能です！,【賃貸営業】新拠点立ち上げに伴う《将来の責任者候補》を募集！ 正社員
231,株式会社さなる | ＜WEB面接も実施中＞人柄重視の採用・未経験歓迎・充実した研修,佐鳴予備校【総合職(教育カウンセラー/集団指導/個別指導教師)】 正社員
232,エムケイ西日本グループ株式会社 | 【大阪府緊急雇用対策に賛同】2019年度 平均年収実績：575万円！,【グランドパイロット(役員送迎・VIP送迎/空港送迎)】 正社員
233,株式会社　日本経営 | 創業53年！20代の入社実績も多数（教育体制充実）のコンサル企業,希望/適性で業務を担当【営業系総合職(営業アシスタント/営業)】 正社員
234,株式会社大一電業社 | 【東証一部上場のグループ企業】皆勤・資格・家族手当など完備！,実務未経験でもOK！【電気工事士】賞与平均8.5ヶ月分(前年度) 正社員
235,名古屋トヨペット株式会社 | ■トヨタ車の販売店『トヨペット店』を69店舗運営,高収入を目指せる！名古屋トヨペットの【 営業 】＊年休125日＊ 正社員
236,株式会社建築資料研究社 | 景気に左右されない！資格系スクール「日建学院」を運営,池袋校限定募集！【総合職(資格取得アドバイザー・ルート営業)】 正社員
237,株式会社イオンフレックス・ライフマネージメント | ◆隔週週休3日制！立ち上げメンバーとして活躍するチャンスも,平均月収80万円！本気で稼ぎたい方歓迎【 反響営業 】ノルマなし 正社員
238,武田塾 奈良生駒校 | 奈良生駒校、大和八木校、五位堂校|完全週休2日制、残業ほぼなし,授業をしない武田塾の【教室長候補・教務スタッフ】※未経験歓迎 正社員
239,株式会社建築資料研究社 | 景気に左右されない資格系スクール「日建学院」運営★男女活躍中,岐阜校募集【総合職(資格取得アドバイザー／ルート営業)】 正社員
240,株式会社ユニエツクスNCT | 【日本郵船グループ】設立100年★港湾系の総合物流会社,ゼロから始める【港のエンジニア】年休134日★賞与実績5ヶ月以上 正社員
241,株式会社福環 | ☆★面接保証★☆ 条件を満たしている応募者全員とお会いします,【総合職(ルート集荷／ルート営業)】未経験歓迎★残業20h程度 正社員
242,株式会社センターユース | 大手EC商品の配送ドライバー！初期費用0円★未経験OK,必要なのは普通免許のみ！【軽車両ドライバー】※年齢不問 業務委託
243,関東総合設備工事株式会社 | 関電工（東証1部上場）の案件がほぼ100%を占める安定企業！,未経験歓迎！【電気工事士】★入社祝い金有★残業月平均20H以内 正社員
244,東京・日本交通株式会社 | 高槻営業所│売上業界No.1グループ【大阪府緊急雇用対策に賛同】,愛着ある高槻エリアでずっと活躍する【地域密着型乗務員】 正社員
245,株式会社三光金属 | 年商180億円★サスティナブルな社会づくりに貢献する会社,★未経験OK★【 選別作業スタッフ 】ほぼ定時退社で高収入GET！ 正社員
246,関西警備保障株式会社 | 【大阪府緊急雇用対策に賛同】入社祝い金3万☆高収入を目指そう,消防車に乗れちゃう！【警備スタッフ】未経験歓迎/土日祝休もOK 正社員
247,株式会社フォルテ | LEDライト・監視カメラ・音響システムの専門商社,未経験OK！【法人営業】※土日休み／年間休日126日／残業少なめ 正社員
248,株式会社関西広告社 | 今年30代で年収2000万円超えの先輩も在籍！独自の福利厚生が多数,屋外広告のプロフェッショナルへ。【企画営業】※未経験大歓迎 正社員
249,有限会社光和電設 | 【土日休み／年間休日112日／前年度の賞与実績60～120万円】,【総合職(取付スタッフ／電気工事士)】※手取り40万～50万円も可 正社員
250,株式会社モリコーポレーション | 完全週休2日制／土日祝休み／年間休日123日／月給24万円以上,月給24万円スタート！楽しみながら心地良く働く【事務スタッフ】 正社員
251,株式会社ベルハウス | 17年連続で増収増益！安定感は抜群 ★駅徒歩1分の好立地,【不動産営業】★完全週休2日制・未経験から年収800万円以上も！ 正社員
252,落合ＥＮＧ機設株式会社 | 経験者優遇！ ※コロナ対策にマスク、消毒液を支給しています,平均月収40万円以上の【メンテナンススタッフ】直行直帰 業務委託
253,有限会社小山塗装 | 【住友林業/大和ハウス工業/ライフデザイン・カバヤなどと取引】,建築施工の【工程管理】月給25万以上★施工実績岡山トップクラス 正社員
254,株式会社セフティ | 創業36年！京都で安定基盤を築くポルシェ正規ディーラー,"最高峰の車""ポルシェ""の【サービスフロント】※業績好調！ 正社員"
255,丸福ホーム販売株式会社 | 【大阪府緊急雇用対策に賛同】☆夏季や年末年始には10連休も可能,未経験から不動産業界へ！【営業スタッフ】※年収1000万円も可能 正社員
256,奈良建設株式会社 | よこはまグッドバランス賞受賞／東証一部上場企業との取引多数,定着率抜群！創業73年の安定企業で働く【建築施工管理】 正社員
257,株式会社丸藤 | 平均月収30万円以上！自分の裁量で活躍できる新しい働き方を実現,◎頑張りをそのまま還元！【軽運送ドライバー】★未経験OK！ 業務委託
258,株式会社Fun Work | 国家資格・民間資格の取得をサポート！月収50万円以上も可能！,【メンテナンススタッフ】★未経験スタートでも月給26万円～！ 正社員
259,株式会社ヒビヤト | 経験者大歓迎！頑張りはしっかり給与に反映◆100％面接保証,空調・衛生設備の【施工スタッフ】年収800万円以上も可 正社員
260,有限会社エアテック | 景気に左右されない安定感が強み！◆決算賞与あり◆面接1回のみ,＜未経験歓迎＞ダイキン製品の【サービススタッフ】＊30代活躍中 正社員
261,東山管理センター株式会社 | 【公共案件多数でどんな時も安定】★希望の休み＆給与を選択可★,環境インフラを支える【メンテナンススタッフ】★完全週休2日 正社員
262,株式会社サーバントップ | 完全土日祝休み ／ 年間休日120日 ／ 残業少なめ ／ 転勤なし,“最高の年収”と“最高の環境”を両立できる会社！【法人営業】 正社員
263,横浜エンジニアリング株式会社 | 【マイナビ初掲載！】東京・横浜・川崎の水道施設指定工事店,スタートメンバー！【配管工スタッフ】★経験者は月給30万円以上 正社員
264,株式会社LNJ小泉 | （ロジネットジャパングループ）,軽貨物の【宅配ドライバー】運転するのは軽自動車／AT限定でOK！ 正社員
265,ハインツ日本株式会社 | ≪WEB面接実施中≫世界でお馴染みのクラフト・ハインツ日本法人,第二新卒・経験者歓迎★世界的メーカーハインツの【財務経理】 正社員
266,株式会社トリニティ | 大手電力系インターネット光回線／年収1000万円超えも目指せる！,未経験でも不安ゼロ！【提案営業】月給22万円～保障/完全週休2日 正社員
267,株式会社ISOI | ＼今年も業績好調／★応募者全員とお会いします ★WEB面接もOK,ずっと必要とされるスキルを身につけられる【技術スタッフ】 正社員
268,株式会社平成ハイヤー | ★月収50～60万円の先輩もいます★月8～9日休み★免許取得支援有,【ハイヤードライバー】★未経験歓迎★原則定時退社★面接1回 正社員
269,株式会社明輝ハウス | 月給30万円～保証／週休2日／残業少なめ／役職手当最大10万円,【営業】未経験でも入社3ヶ月で役職デビュー＆月収40万以上可能 正社員
270,合同会社LIFE2018 | ★大手企業と取引多数★女性活躍中！基本定時退社で働きやすい！,大手企業などのプロモーションに携わる【総合職】★未経験歓迎！ 契約社員
271,株式会社ワールドコーポレーション | 大阪府緊急雇用対策に賛同,【施工管理】月給40万円スタート！※全国募集※経験者採用 正社員
272,株式会社バスク・モーゲージ | 住宅ローン(フラット35)専門金融機関・業界大手ARUHIの代理店,★聞いて→提案★住宅ローン専門金融会社の【窓口/ルート営業】 正社員
273,株式会社エフネット | ☆週休2日制 ☆年休120日以上 ☆大手保険会社の充実の研修制度有,「お客様のため」を追求する【提案営業】☆未経験・第二新卒歓迎 正社員
274,鳥羽建設株式会社 | 滋賀本社／月給25万円～スタート／昨年度の賞与平均4ヶ月分以上,平均年収600万円！【補修・補強スタッフ】※未経験者歓迎 正社員
275,マルイフーズ株式会社 | ◆年休120日以上＆完全週休2日制◆退職金制度あり◆14時完全退社,肉の専門商社で活躍！【店舗運営スタッフ】※店長候補 正社員
276,株式会社共生 | ミツトヨ（測定機器の国内シェアトップクラス！）のグループ会社,【メンテナンススタッフ】 ★年間休日124日・残業は月10時間未満 正社員
277,株式会社建築資料研究社 | 景気に左右されない！資格系スクール「日建学院」を運営,大宮・川口エリア募集【資格取得アドバイザー】★未経験者歓迎 正社員
278,株式会社いいなダイニング | 【大阪府緊急雇用対策に賛同】店長は月収30万可／月最大10日休み,阪急電鉄グループ！クックデリ御膳の【店長候補】※完全週休2日 正社員
279,株式会社ワークナビ.com | 〔 業績好調 〕名古屋・小牧・一宮・大府などに展開！,"『楽しく稼げる会社』""NO.１""を目指す！【法人ルート営業】 正社員"
280,西日本高速道路エンジニアリング中国株式会社 | 【NEXCO西日本グループ】◎年収600万円以上も目指せます！,【土木技術者(管理・点検・設計など)】◎年休120日×完全週休2日 正社員
281,株式会社益田組 | 間もなく設立50年。堅実な経営を続ける総合建設企業,京都の“街並み”を守る【施工管理】未経験OK＆残業少なめ 正社員
282,株式会社建築資料研究社 | 景気に左右されない資格系スクール『日建学院』を運営◆転勤なし,札幌・苫小牧募集【総合職(資格取得アドバイザー／ルート営業)】 正社員
283,株式会社For Realize | 10期目を迎え、年商20倍以上／自社ブランドマンションを展開,業界では珍しい土日休み！経験ゼロから始められる【提案営業】 正社員
284,矢島建設興業株式会社 | 大正10年創業の老舗企業｜経験者募集｜ほぼ100％元請,岐阜密着型の【施工管理】★月給30万円～ ★残業ほぼなし 正社員
285,ステッチ株式会社 | 【ワンストップで課題解決を支援する広告会社】,大手クライアントと直接取引できる【広告営業】 ★リーダー候補 正社員
286,株式会社建築資料研究社 | 景気に左右されない！資格系スクール「日建学院」を運営,富山校募集【総合職(資格取得アドバイザー、システム営業)】 正社員
287,合同会社福太 | 会社の利益はしっかり還元！年間200～400万円の賞与支給実績あり,【店舗スタッフ(オープニング)】未経験スタートでも月給24万円～ 正社員
288,株式会社LINKハウス | 【2020年11月に新拠点がOPEN】※年収1000万円超社員多数！,＼オープニング募集／月給30万円以上保証！【営業】※土日祝休み 正社員
289,株式会社ゲッコー | 《直行直帰・転勤ナシ》＊20代の平均月収⇒約43万円！！,実働6時間＆残業ナシ＊サクッと終わる【技術系総合職】 正社員
290,株式会社ケーシーエス・エス | 大阪府内を中心とした近距離のみ／1日3～4往復,入社2年目の平均月収40万円◎しっかり稼げる【ドライバー】 正社員
291,マニュライフ生命保険株式会社,【コンサルティング営業】完全週休2日(土日)/営業経験者優遇！ 正社員
292,平和自動車交通株式会社 | 《入社祝い金10万円支給》★賞与年3回★希望の働き方が叶う,日本最大級登録者数の新配車アプリ[GO]の【タクシードライバー】 正社員
293,株式会社フォーサイズ | 【激レア求人】未経験から一生モノのスキルが手に入ります！,お部屋を入居前のキレイな状態に変身させる【内装工事スタッフ】 正社員
294,株式会社ハウスポート | アシスタントからスタートできる★のんびりじっくり育てます！,【不動産アドバイザー】★完全週休2日or週休2日／働き方選択可★ 正社員
295,株式会社I.PRICE | 45万円★未経験歓迎★残業少：市場急拡大中のリサイクルサービス,直行直帰型【買取営業】◆未経験でも月収45万以上も可能！残業少 正社員
296,株式会社織田タクシー | ●業界大手kmグループ●独自の“稼げる”賃金体系●賞与年3回,業界大手だから安心！未経験から始める【タクシードライバー】 正社員
297,株式会社オラフズ | 実績多数★『ジャンクSPORTS』『激レアさんを連れてきた。』etc.,【AD/制作進行管理】地上波・Amazon Prime・YouTube等ジャンル◎ 正社員
298,株式会社Linksprout | 大阪府緊急雇用対策に賛同,アプリやWebで店舗PRを担当する【営業推進】／導入実績4万店舗！ 正社員
299,株式会社テラシーク | ★今年もプラス成長で業績好調★フルフレックス&テレワーク導入,未経験OK！高収入可！5年離職者ゼロ！ノルマなし【営業】 正社員
300,株式会社 Branding Engineer | #大阪府緊急雇用対策に賛同 #2020年7月に東証マザース上場,自分の価値をもっとUPできる!【ITエンジニア】※年休125日を確保 正社員
301,ディパーチャーズ・ジャパン株式会社 | NHK「プロフェッショナル仕事の流儀」でも紹介*20～30代活躍中！,【営業系総合職(営業・販促企画)】*未経験歓迎*月給24万6000円～ 正社員
302,株式会社ファーストライズ | ★8年連続で業績アップ／変わらないニーズがある安定企業★,ワンランク上のステージへ！【提案営業】※メディア注目の企業 正社員
303,株式会社ホンダカーズ東海 | ≪ 育成枠採用 ≫ ＊平均年収660万円 ＊賞与6.3ヶ月分,Honda正規ディーラーの【 店舗営業 】＊月9～10日休み！ 正社員
304,ベンチャーサポート税理士法人 | 会社説明会を全国で開催中,【税理士補助】未経験歓迎！上場企業並みの高収入＆高待遇 正社員
305,柳川運輸株式会社 | 電話問い合わせもお待ちしてます『 0944-74-1313 』★残業少なめ,創業67年の歴史有！高収入も目指せる【所長候補（配車管理）】 正社員
306,株式会社APC | ★髪型、髪色、ひげ、ネイル…すべて自由★20～30代活躍中,【コールセンタースタッフ】★平均月収60万円★残業1日1ｈ以下 正社員
307,株式会社BUGZY | ◎未経験OK『育成枠採用』◎本気で活躍したい方大募集◎40歳まで,収入UP×仲間と一緒に成長できる！【不動産売買営業】土日休み★ 正社員
308,株式会社ビズアップ総研 | ★1000社超の導入実績！独自開発の教育サービスで増収増益を実現,【提案営業】★前職給与以上を保証★年休124日超★インセンあり 正社員
309,株式会社エム・シー・ピー | ★年齢不問★連続休暇取得も可★資格取得支援有★20～50代活躍中,【マンション修繕の施工管理】年収1000万円も可能/昇給年4回実績 正社員
310,株式会社KDDIエボルバ | 年休122日／オープニングメンバー大募集／社員食堂完備の新社屋,【メール問合せ対応スタッフ】新拠点でのメンバーを大募集！ 正社員
311,株式会社TSP | ★土日祝休み★完全週休2日★年休120日以上★20代の仲間と成長◎,アイデアを活かせる【企画営業】★収入・メリハリ・自由度◎ 正社員
312,株式会社ワールドアイセリング | 東証一部上場 ワールドホールディングスグループの安定基盤！,【提案営業】★転勤なし・残業月20h・年間休日116日★ 正社員
313,トランスミック株式会社 | ◆有休消化率50％以上◆中途入社100％＼オフィスツールの提案／,*★未経験からはじめる★.【提案営業】ネイル・髪型自由♪土日休 正社員
314,株式会社高布 | ＜若手の育成枠採用＞社会インフラ『電気』に関わる仕事です,電気や半導体に貢献！大型機械の【施工管理】※賞与6.5ヶ月分 正社員
315,株式会社崎山組 | 資格を取得すれば月給UP⇒月収60万円も可能！だから定着率が高い,【機械オペレーター】☆高収入！1回の賞与で100万円の実績あり 正社員
316,株式会社太田興産 | JASDAQ上場（株）ジェーソンの持株会社◆銀座4丁目の自社ビル！,【不動産管理】★自社が所有する「賃貸物件の管理～運用まで」★ 正社員
317,株式会社ネクストドア | 事業拡大の為大募集！／完全週休二日制／インセンティブ充実★,経歴・学歴不問【営業職】未経験歓迎！研修有で安心！20代活躍中 正社員
318,シーレックス株式会社 | 業務拡大中につき増員募集！資格取得支援制度◎各種手当充実◎,商業施設やオフィスビルの【設備管理】☆未経験歓迎☆ 正社員
319,株式会社セカンドブリュー | 業界注目のコンサルタント／多くの反響×高報酬を実現！,高単価の一棟収益不動産を扱う【不動産営業】※業務サポートあり 業務委託
320,株式会社HI-LINE | 【条件に合う方全員面接】家族手当充実！賞与昨年度実績3ヶ月分,配送業務未経験でも全然OK！【ルート配送 2t】※AT限定免許でOK 正社員
321,株式会社イーグル建創 | ◆勤務地は希望考慮◆賞与年2回&歩合◆学歴不問,【リフォームアドバイザー】未経験歓迎/毎月3連休/残業20h未満 正社員
322,株式会社ハウスアンドハウス | 積極的な広告宣伝を行うことで反響多数！だから成約もしやすい！,「温かい社風」×「稼げる仕組み」が魅力！【物件アドバイザー】 正社員
323,株式会社すみれホーム | 業界屈指の広告費を投入⇒地域で圧倒的な知名度を誇る不動産会社,稼げる環境が整っている【不動産営業(反響営業)】※未経験者歓迎 正社員
324,衣川建設株式会社 | ＜創業以来、黒字経営を継続＞＊賞与年3回／300万円の実績あり＊,【施工管理アシスタント】★平均月収57万円＆土日祝休&年休123日 正社員
325,株式会社ＰＴＷ | 土日祝休＆年休120日以上★ノウハウを身につけて高収入を目指す,【Web系総合職(Webメディア企画制作/ECサイト運営)】☆未経験OK! 正社員
326,株式会社ワイズパートナー | ＼ 働き方改革を進めています ／ 家族手当などの諸手当も充実！,景気に左右されない不動産業界で新しいスタッフを！【賃貸営業】 正社員
327,エスアール不動産コンサルティング株式会社 | 完全週休2日or完全週休3日で働き方が選べる／リモートワークもOK,【投資用不動産の提案営業】年収1～2000万円超も可能／土日休み 正社員
328,サカエS．C株式会社 | 独自の技術ノウハウで県外の仕事にも柔軟に対応しています,未経験スタートからでも月給25万円以上！【足場組立スタッフ】 正社員
329,株式会社クリーンライフ | 【大阪府緊急雇用対策に賛同】,水道修理スタッフ 正社員
330,株式会社日野店舗建築 | ★11月7日（土）の広島転職フェアに出展いたします！,【総合職（営業／営業事務）】★フレックスタイム　★新拠点募集 正社員
331,株式会社前原土建 | 【キャリアUPもOK】将来的には年収800～900万の大台も目指せる！,自分の可能性にワクワクできる【土木作業スタッフ】※未経験歓迎 正社員
332,株式会社ジョブズコンストラクション | 【大阪府緊急雇用対策に賛同】最大年休139日／平均月収37.5万円,【空間コーディネーター】★完全週休2日（最大年休139日） 正社員
333,"株式会社北陸総合建築 | 【全員面接】北陸トップクラスの実績！未経験で""月収100万円""可",お客様と営業をつなぐ架け橋になる【アポインター】 正社員
334,ヤマリク株式会社 | 大型免許がある方必見！【ご自由にお問合せ下さい】052-384-7313,大型免許を活かし稼ぐ！月収45万OK【タンクローリードライバー】 正社員
335,株式会社アビックスコーポレーション | 《メルセデスベンツ正規取扱・YANASE販売協力店》★ノルマなし,【総合職／カーライフアドバイザー・買取スタッフ】★未経験歓迎 正社員
336,株式会社Add Flow | 未経験歓迎◆土日祝休◆インセンティブ毎月支給◆面接1回,★インスタ・YouTube★／Web・SNS広告の【提案営業】 正社員
337,ユナイテッド・エステート株式会社 | 【2020年最高益を更新中の成長企業】★完全週休2日制(土日祝)★,【不動産営業】仕入～売却まで一貫対応！※未経験者歓迎！ 正社員
338,サンライズシステム株式会社 | 年間休日125日◆完全週休二日制/土日◆残業月15h◆大型連休年3回,＼＊前給保証＊／ 月給40万円以上【ITエンジニア(インフラ等)】 正社員
339,メットライフ生命保険株式会社 | #熊本募集 #転勤なし／世界有数の外資系生命保険グループ,未経験OK【コンサルティング営業】★年休123日(2020年)/賞与4回 正社員
340,株式会社リンクスタッフ | #医師紹介のパイオニア #完全週休2日制 #伏見駅徒歩3分の好立地,医師と医療機関とを繋ぐ【キャリアコンサルタント】★年休124日 正社員
341,京和ブロンズ株式会社 | 【設立50年以上／青銅インゴットのメーカー】＊残業なし＊,【製造スタッフ（生産）】★昨年度賞与4ヶ月分 ★年休120～125日 正社員
342,メットライフ生命保険株式会社 | 【仙台青葉エイジェンシーオフィス】《面接保証》《WEB面接可》,未経験者歓迎！【コンサルティング営業】★年間休日123日 正社員
343,株式会社ラングローブ | 定着率90％超／月8日以上休み／残業少なめ／働き方改革推進,【完全反響営業】数年で年収1100万以上も可能/未経験OK/休み充実 正社員
344,株式会社住和ハウジング | 賞与年3回／性別・経験・年齢不問で活躍できる,しっかり稼げる【ルームアドバイザー】★人気エリアでノルマなし 正社員
345,東京日食株式会社 | 1995年設立から20年以上黒字経営◇車両・倉庫管理のキャリアも！,新しい車に乗れる！？ISUZU・HINOの10tウィング【大型乗務員】 正社員
346,ワン・トランス株式会社 | いすゞグループ◆年休121日◆残業月10h◆時差出勤/フレックスOK,当社初の管理部門採用★若手活躍中【総務人事】＊賞与実績4ヶ月 正社員
347,大津中央運送株式会社 | 【70年以上の歴史／大手と取引】＊最新型のトラックを導入＊,配送は1日1～2件！固定ルート中心の【ドライバー】★土日休み 正社員
348,株式会社エイジー・ジャパン | 【安心のブランド力】★扱うのはENEOSグループのエコ製品！,未経験90％！【総合職（光熱費調査スタッフ・エコプランナー）】 正社員
349,株式会社リグリード | 各種イベントからあらゆる業界のオフィスまで、幅広く活躍！,イベントやオフィスの【設営・施工スタッフ】※未経験歓迎 正社員
350,株式会社ビック | 【OPENINGメンバーも大募集！】残業月10H程／連休取得可能,＼社会人デビュー大歓迎／【営業】●20代活躍中 ●月給25.7万～ 正社員
351,株式会社司運送 | 未経験OK／近距離のみ／車両レンタルあり／正社員登用制度あり,未経験でも平均月収40万円【配送スタッフ(軽車両)】普通免許でOK 業務委託
352,株式会社sinProject | #スキルアップに繋がる案件#自社アプリのバージョンアップなども,インセンティブあり◎月収40万円以上も可能！【エンジニア】 正社員
353,株式会社小山電機工事 | ★電話問合せも対応(076-274-8004)！入社祝い金10万円支給*,【電気設備スタッフ】★実績多数（石川県庁、金沢大学等） 正社員
354,リッツハウジング株式会社 | 【センチュリー21加盟店】100％反響！TVCM等での知名度◎,ノルマ・飛び込みナシの【営業】★月給30万円＆10日連続休暇あり 正社員
355,株式会社aaath | 大阪府緊急雇用対策に賛同 ※高水準の給与還元率！有休消化率◎,月給25万円＆定時退社OK【営業スタッフ】女性活躍中♪未経験歓迎 正社員
356,"株式会社福永建設工業 | 入社祝い金""最大20万円""／週休2日制／年収800万円以上も目指せる",【総合職(土木・建築施工管理／設計コンサルタント)】◎転勤なし 正社員
357,有限会社アイ・ティー・ピー | エアコン部品・ろ過装置・車など様々な部品をつくる技術派集団！,プラスチック部品の【 製造 】★入社半年/月収例24万～30万円 正社員
358,株式会社エヌ・ワイシステム | ★結婚・育児… あらゆる人生経験が活かせる仕事！,まっさらなアナタを歓迎！ママさん社員活躍中【葬祭スタッフ】 正社員
359,東部電工株式会社 | ＊景気に左右されない安定性 ＊社宅は月1万5000円～,【高収入も可能＆社宅有！】送電線の【技術スタッフ】※未経験可 正社員
360,株式会社エフピー保険事務所 | 「鹿児島中央駅」すぐ近く♪電話でのお問い合わせ⇒099-296-8155,★WEB面談積極受付中！【コンサルティングプランナー】 正社員
361,株式会社鶴電工業 | 今注目の再生可能エネルギー事業展開/電話問合せOK:0234-43-6330,【技術職(電気設備工事/電気・土木施工管理】☆経験者優遇 正社員
362,株式会社カーリング・サービス | 【設立19年の成長企業】◆月8休以上 ◆残業月平均10時間程度,未経験歓迎！ コミュニケーションスキルが活きる【ビル管理】 正社員
363,有限会社福岡ダストサービス | 福岡市内の環境を守り続けて39年！Teamsでweb面接も実施中◎,【ルート収集】★月給27万円～ ★残業ほぼなし ★転勤なし 正社員
364,ハウンドジャパン株式会社 | ★レンタル車両１ヶ月無料★月収72万円可★未経験歓迎★副業ＯＫ,【軽貨物の宅配ドライバー】★平均月収40万円★支援金10万円支給 業務委託
365,住井運輸株式会社 | 年収例：年収500万円（25歳/経験2年/高卒）※完全週休2日制,神戸港で貨物の積み下ろし作業等を行う【港湾荷役】若手積極採用 正社員
366,有限会社ジェイジェイドリーム | 【大阪府緊急雇用対策に賛同】★マイナビ初掲載！20・30代活躍中,月給25万円以上！【総合職（営業／技術スタッフ）】※週休2日制 正社員
367,株式会社大川建設 | 大手ゼネコンの元請★食堂付き宿舎有★直行直帰OK,満足度×定着率【とび工】資材積み下ろし一切なし*残業月0～20h 正社員
368,株式会社サンモト | ＼ 転勤なし！高収入も目指せる！／ あなたは安定派？稼ぐ派？,アパレルの【法人営業】★完全土日祝休み ★残業ほぼ無し 正社員
369,梅田運輸倉庫株式会社 | 【大阪府緊急雇用対策に賛同】設立71年！物流業界の老舗企業！,週休2日・月収31万円以上も可能な環境で働く【配送ドライバー】 契約社員
370,有限会社塚田工業 | 面接1回！お電話での問い合わせもOK！／TEL：0296-52-1350,《レア求人》マンホール・下水道管の【メンテナンス】※未経験OK 正社員
371,誠和梱枹運輸株式会社 | 土日休みで家族との時間も大切に ★TEL問合せOK ⇒ 086-456-6100,希望に応じて配属【総合職（ドライバー・配車業務）】年休110日 正社員
372,東中国スズキ自動車株式会社 | 《スズキショップミマサカ》年間休日110日～！既存顧客が8割以上,【販売スタッフ】未経験OK/賞与5.4ヶ月分/毎日閉店と同時退社★ 正社員
373,株式会社SKライン中四国 | 【三紀グループ】◎電話での問い合わせもOK！「082-277-9581」,広島市内の【定期ルート配送】◎賞与年3回／未経験OK／転勤なし 正社員
374,株式会社リアルプラン・アドバイザーズ | 本気で成長するなら少数精鋭企業の中心で★土日祝休み★,事業を動かすやりがいを！【不動産営業（売買・賃貸・管理）】 正社員
375,株式会社８１０ | （ハチイチマル）※副業OK／服装・髪型自由／時短勤務も相談可,【バイヤー(鑑定士)】残業ほぼなし／完全週休2日 ※週休3日もOK 正社員
376,三菱電機システムサービス株式会社,【サービスエンジニア】業務委託／全国各地 業務委託
377,株式会社ナイスサポート | きれいなワンルーム寮完備・初月から月収50万円も可能,20代で年収1000万円目指せる！日払いOK！実働6時間【営業】 正社員
378,日本リビング保証株式会社 | 【東証マザーズ上場】★年休120日超★残業20h以下★20～30代中心,【事務系総合職】★未経験から上場企業のコアメンバーに！ 正社員
379,株式会社GLOBAL BEAUTY | ★7月OPEN東池袋店＆志木店、積極採用中★オープニングで活躍も,完休2日＆残業なし♪癒し空間で美のスキルを学ぶ【セラピスト】 正社員
380,株式会社スクラップデザイン | 女性が多数活躍している、WEBプロモーション企画会社です,未経験OK★年休120日以上【企画職】福岡or鹿児島で積極募集！ 正社員
381,住友生命保険相互会社 | 東京中央支社アチーヴ営業部・アチーヴ湊支部,【スミセイライフデザイナー】※未経験歓迎！プライベート充実♪ 正社員
382,株式会社矢口　 | ◆経験者は前職給与を考慮！未経験者もOK！※年間休日110日♪※,"官公庁・大手企業からの""元請け案件""のみ！【施工管理スタッフ】 正社員"
383,株式会社cosbi | 【大阪府緊急雇用対策に賛同】自社ブランドとOEMを手掛ける企業,SNSでも人気!ヘアケア商品の【提案営業】未経験でも月給25万円★ 正社員
384,MIGホールディングス株式会社,超大人気店と多数コラボで高利益！【駅ナカ催事販売】 FCオーナー
385,株式会社シーテック | ◆中部電力元請け企業 ◆年俸500万円～ ◆正社員登用前提,中部電力グループの【塗装工事の施工管理】★土日祝休み★ 契約社員
386,GLOBAL HOLDINGS株式会社 | 旧:(株)彩の国ハウジングセンター／社名変更し更なる飛躍を図る,20~30代若手必見♪完休2日×残業0×高収入！【仕入れスタッフ】 正社員
387,株式会社グライブ | ★年間の参加者5000名を超える、女性向けマネーセミナーを開催！,【セミナー講師＆コンサル営業】反響営業 ★年収1000万以上可能 正社員
388,第一防災株式会社 | 20年以上黒字＆無借金経営／土日のみ＆副業としての選択も歓迎！,【メンテナンススタッフ】※未経験歓迎／平均月報酬額は約40万円 業務委託
389,株式会社フリックス | 普免のみでOK/シフトは希望考慮・休みも自由/9割以上が未経験★,多摩エリアの【軽車両ドライバー】★履歴書不要！月収80万円も可 業務委託
390,"ハウスグッド株式会社 | 【大阪府緊急雇用対策に賛同】年収2,000万円も可！高インセン有",女性活躍中！完全週休2日＆年休125日【不動産営業】未経験も歓迎 正社員
391,鹿島フィット株式会社 | 大手ゼネコン鹿島グループ｜充実した福利厚生,急募【技術系職員(ALC・ECPの施工図・割付図作成及び打合せ)】 正社員
392,株式会社ジェイエムエー | 日額保証あり/前払いOK/プライベート使用可のレンタル車あり☆,【配送スタッフ】月収80万可能！未経験者OK！応募者全員面接◎ 業務委託
393,"富士防災警備株式会社 | FUJI DR SECURITY Co. ,LTD.　◆月8～9日休み ◆退職金制度あり",【外資系企業のセキュリティ業務 】※高収入・英語力あれば優遇 正社員
394,Leir Riche | レイアリッシェ/福山で2店舗展開/今後3年以内に複数店OPEN予定,月給26万円からスタート！【買取スタッフ】新店舗OPEN予定！ 正社員
395,"第一ダイヤモンド工事株式会社 | 未経験""大""歓迎！昨年は賞与9ヶ月分支給／20代年収600万円の実績",経験よりも人柄を重視！【総合職(営業／設計アシスタント)】 正社員
396,有限会社エフォール | 【 業績好調！2年で200台まで増車予定 】初期費用0円★経験不問,『配った荷物＝あなたの給料』【軽車両ドライバー】＊何歳でもOK 業務委託
397,株式会社クラウドスミス | <自社内案件多数!>賞与年2回＋決算賞与/私服勤務/フレックスあり,WEB系開発の【システムエンジニア】★年間休日120日(土日祝) 正社員
398,東京ビジネスサービス株式会社 | 直行直帰OK/オフィスビル中心/手厚い資格手当で高収入も◎,人々の日常を守る無くならない仕事◎【設備管理】未経験歓迎！ 正社員
399,株式会社GLOBAL BEAUTY | 残業ゼロ＆完休2日制＊独立支援制度有＊将来のキャリア多彩,月給35万円～★飲食・美容事業部の幹部候補としての【店舗運営】 正社員
400,エコホールディングス株式会社 | 【1年目で月収30万円も可能！】※転勤なし ※土日祝休み,＜全国募集＞選べる働き方【空間コーディネーター】※年休125日 正社員
401,合同会社伊礼鉄筋工業 | ＼ 毎週日曜日休み★年間休日105日 ／ 電話での問合せも歓迎！,年齢不問&正社員採用【総合職(現場作業員/ドライバー兼軽作業)】 正社員
402,グローバルハウジング株式会社 | ★7月に福岡博多支店OPEN！オープニング募集★好きな街で活躍♪,早々に年収1000万円可能！【仕入れスタッフ】★残業0×完休2日 正社員
403,株式会社CoolClimb | <クールクライム>手に職を付けて収入UP／月給23万円～スタート！,未経験OK！【空調のメンテナンススタッフ】★資格取得の支援あり 正社員
404,ミナミ電工株式会社 | ★家族を大切に！毎年9日間以上の連休休暇など制度を充実中！,アシスタントスタートOK！【設備設計士（給排水／空調）】 正社員
405,深谷公認会計士・税理士事務所 | ◆企業経営のパートナーとしてコンサルタント業務を展開,確かな実績と知識を獲得◆【税務補助スタッフ】※年収550万円可 正社員
406,有限会社高橋タイル | 地域密着のタイル工事専門企業！10年連続売上UP！,【タイル職人】★未経験から育てます！★残業月平均5時間程度 正社員
407,"アゲダ空調食品設備株式会社 | ★マイナビ転職"" 初掲載 ""企業★正社員として腰を据えて働けます","地元企業ならではの"" あったかさ ""が魅力【 設備工事スタッフ 】 正社員"
408,株式会社アップルアドバイザーズ | 【ポテンシャル重視のオープニング募集】★7日以上の連休が年3回,【不動産営業】★年収1000万も可能★残業月4~8h程度★土日祝休み 正社員
409,ヤマトワーク有限会社 | <30～50代活躍中> 官公庁案件がメイン／資格取得支援あり！,未経験からでも月給30万円スタート！【作業スタッフ】 正社員
410,住友生命保険相互会社 | 【東京中央支社 有楽町中央支部】★土日祝休★年間休日120日以上,【スミセイライフデザイナー（営業）】経験不問・ブランクOK 正社員
411,有限会社和泉硝子工業 | ヨドバシカメラ梅田・りんくうアウトレットなど有名案件多数！,【総合職(進行管理・施工スタッフ) 】ランドマークを手掛けます 正社員
412,株式会社LIV | 大手芸能プロダクションと提携！応募～内定まで1週間以内！,新事業を成功へ【芸能マネージャー／営業】未経験OK・20代活躍中 正社員
413,株式会社サクシード | 【ハウスクリニック 横浜町田センター】★1人1台社用車貸与★,【リフォームアドバイザー】高収入＆キャリアアップも可能！ 正社員
414,株式会社三重建築総合オフィス | ＼マイナビ転職から入社した先輩活躍中／◎愛知県からも通勤県内,自己実現できる【建築設計】★年休120日/土日祝休★前職給与考慮 正社員
415,株式会社味泉 | 【創業41年】液体調味料の専門メーカー／オーダーメイドで開発,液体調味料メーカーの【工場管理職】◆月給35万円以上を保証！ 正社員
416,"有限会社福田興業 | ◆大型連休はMAX「10連休」◆未経験でも月収27万5,000円以上可能",【土木作業スタッフ】★年齢・経験一切不問 ★基本残業なし 正社員
417,株式会社SDインテリア | ＜3期連続増収益＞土日休みも可能／18時には帰宅可能！,【電気工事スタッフ】★未経験OK★経験者は月給30万円 正社員
418,株式会社総合資格 | 【 建築・不動産に特化した資格学校を運営 】賞与実績4.8ヶ月分,平均年収894万円！早期キャリアUPも可能【提案営業】※山口勤務 正社員
419,新栄工業株式会社 | 【創業54年】『空調ダクト』製造で大手企業と取引多数の安定企業,未経験でも月給26万円スタート！残業少なめ【取付スタッフ】 正社員
420,株式会社サンテックインターナショナル | ≪官公庁・自治体案件で安定≫年休120日★創業55年◎残業20時間,発注者支援がメインの【土木施工管理】※完全週休2日/土日祝休み 正社員
421,株式会社総合資格 | 【 建築・不動産に特化した資格学校を運営 】賞与実績4.8ヶ月分,平均年収894万円！早期キャリアUPも可能【提案営業】※広島勤務 正社員
422,日本プロパテー株式会社 | 『自由な時間』と『稼げる環境』どちらもしっかりご用意。,口下手でOKの【不動産営業】◇土日休み/ノルマなし/残業ほぼなし 正社員
423,中部工業株式会社 | 創業43年。確かな実績で各地に拠点展開。事業も拡大！安定企業！,ライフラインを支える！【メンテナンススタッフ】※高収入！！ 正社員
424,株式会社総合資格 | 営業職の平均年収824万円 ★賞与実績4.6ヶ月分 ★年間休日112日,充実研修で未経験から年収UP可！資格取得スクールの【提案営業】 正社員
425,コスモコントロール株式会社 | ☆頑張りは賞与でダイレクトに還元 ☆国家資格取得支援制度あり,【建築物の法定検査員】＊土日祝休み＊官公庁・大手案件多数 正社員
426,株式会社タクマ | 【東証一部上場】環境保全・エネルギープラントのパイオニア企業,官公庁/自治体向け【プラントエンジニア】 ※北海道限定募集 正社員
427,株式会社タクマ | 【東証一部上場】環境保全・エネルギープラントのパイオニア企業,【プラントエンジニア（電気・計装機械）】年休128日／離職率3％ 正社員
428,株式会社タクマ | 【東証一部上場】環境保全・エネルギープラントのパイオニア企業,社会インフラに貢献【プラントエンジニア】※兵庫県限定募集 正社員
429,株式会社タクマ | 【東証一部上場】環境保全・エネルギープラントのパイオニア企業,社会インフラに貢献【品質管理】 年休128日／離職率3％ 正社員
430,株式会社タクマ | 【東証一部上場】環境保全・エネルギープラントのパイオニア企業,兵庫本社【プラント施工監理（機械／元請）】年間休日128日 正社員
431,株式会社タクマ | 【東証一部上場】環境保全・エネルギープラントのパイオニア企業,【プラント機器エンジニア（詳細設計・手配指示等）】離職率3％ 正社員
432,株式会社タクマ | 【東証一部上場】環境保全・エネルギープラントのパイオニア企業,東京、北海道、宮城県募集【プラント施工監理（機械／元請）】 正社員
433,株式会社バンブーフィールド | 8～12日の長期休暇あり／完全週休2日／残業少なめ,【不動産仕入れ営業】圧倒的な仕入れ易さで年収2000万円も実現可 正社員
434,株式会社セントグランデW | ◆年休125日以上◆残業月10時間以下◆有休は2時間単位で取得可,【不動産仕入営業】成果に見合った報酬★仕入から売却まで担当 正社員
435,株式会社ミナモト建築工房 | 【 完全自由設計で理想の住まい・街づくりに貢献 】★インセン有,【ハウスプランナー】賞与年3回/年休117日(水日祝)/月給49万円～ 正社員
436,株式会社フォーイット | 完週休2日(土日)/年間休日120日以上/充実の手当＆福利厚生,自社サービス『afb』の【インフラエンジニア】※経験者募集 正社員
437,株式会社フォーイット | 充実の手当＆福利厚生,【広告運用】完週休2日(土日)/年間休日120日以上 正社員
438,悠悠ホーム株式会社 | ◎完全週休2日制 ◎充実の諸手当・福利厚生欄もご覧ください！,転職は、待遇＆働きやすさ重視でいきましょう【営業】未経験歓迎 正社員
439,株式会社ウンノハウス | 平均年収600万円以上／研修・勉強会などスキルUPできる環境豊富,"安定企業で""オンリーワン""の住まいづくり【住宅設計】 正社員"
440,株式会社ウンノハウス | ☆完全週休2日制☆【研修・勉強会などスキルUPできる環境豊富】,分業制なので業務に集中できる！【インテリアコーディネーター】 正社員
441,株式会社保戸田組 | 【設立83年・公共工事を中心に手掛ける老舗企業】◆各種手当充実,【土木施工管理】土日祝休み/残業ほぼなし/年収500万円以上可 正社員
442,株式会社クラシコ | ★面接1回 ★恵比寿駅徒歩2分 ★平均年齢28歳！,未経験でも高収入で稼げる！【不動産営業】★土日休み 正社員
443,株式会社美雪興業 | 地域密着で、コロナの影響もほとんどなしの安定企業！,プライベート充実＆高収入GET【作業スタッフ】未経験大歓迎！ 正社員
444,イン・グラウンド株式会社 | 【配った荷物＝収入】一人でラクラク運べる軽いものが中心♪,普通免許があればOK！運べば運ぶほど稼げる【配送ドライバー】 業務委託
445,株式会社パーフェクション | 稼げる人事制度＆誰でもスキルアップ可能なマニュアル完全完備！,【営業】キャリアアップ希望＆高収入希望集まれ！！！ 正社員
446,株式会社木村土建 | 【創業91年】両毛エリアを中心に案件をお任せ！,残業少な目で私生活も充実【建築施工管理】※経験者は高待遇！ 正社員
447,株式会社パーフェクション | 【営業なし！残業なし！ノルマなし！】制度&福利厚生も充実！,＜未経験者活躍中＞契約済のお客様先を訪問する【調査スタッフ】 正社員
448,株式会社パーフェクション | 仕事よりもプライベート☆職場環境・福利厚生が充実した職場！,安定志向に最適！ノルマ・残業一切なし！【コールスタッフ】 正社員
449,株式会社サンキホーム | 2019年度リフォーム工事件数735件【大阪府緊急雇用対策に賛同】,【リフォームアドバイザー】初年度年収350～600万円可＊未経験OK 正社員
450,株式会社ベネックス | マイナビ転職イベント出展！ご相談受付中！！,【営業】未経験OK／稼げる環境あり！ 人材バンク登録
451,株式会社エクススタッフ | ★入社3ヶ月目の95％が月収例33万円～★10/17(土)難波フェア出展,契約済みのお客様対応のみ！【営業】◎月9日休み+奨励金年4回 正社員
